Day,Infected_Data,Recovered_Data
0,2.0,0.0
1,0.8,1.2
2,2.5,0.2
3,4.5,0.7
4,1.0,0.0
5,1.1,0.4
6,5.1,2.9
7,3.6,7.7
8,1.2,5.4
9,3.5,11.5
10,1.6,0.0
11,1.8,5.3
12,3.6,2.0
13,0.0,12.2
14,0.0,0.0
15,2.9,0.0
16,2.3,0.0
17,5.7,0.0
18,3.4,0.0
19,2.8,0.0
20,10.1,3.6
21,6.8,4.9
22,8.2,13.1
23,5.3,8.8
24,8.3,1.5
25,10.9,0.3
26,8.7,7.9
27,13.8,0.0
28,12.4,16.0
29,14.6,13.4
30,15.2,5.7
31,24.0,0.1
32,20.3,16.9
33,19.0,10.3
34,27.0,18.5
35,22.6,4.8
36,29.9,11.4
37,24.9,16.0
38,29.9,17.9
39,38.9,16.9
40,44.6,24.6
41,46.1,17.5
42,48.9,24.8
43,52.4,28.7
44,51.2,33.7
45,59.8,37.7
46,66.5,30.4
47,80.9,31.4
48,83.1,51.6
49,76.3,50.1
50,96.7,48.0
51,99.2,66.7
52,104.6,63.0
53,122.6,75.3
54,134.9,74.1
55,143.3,93.6
56,136.6,98.6
57,150.7,92.3
58,166.8,108.5
59,183.6,114.5
60,177.9,128.6
61,191.1,120.4
62,189.8,142.6
63,198.1,155.9
64,233.7,143.8
65,251.0,159.4
66,240.8,163.3
67,265.2,190.6
68,264.4,212.1
69,257.0,232.6
70,279.8,232.5
71,305.4,261.7
72,286.1,245.5
73,317.8,256.1
74,252.2,287.9
75,313.8,307.6
76,304.2,317.9
77,299.7,309.3
78,307.7,347.6
79,272.2,348.0
80,302.7,387.7
81,311.8,399.4
82,329.5,397.5
83,293.0,418.2
84,285.5,425.6
85,287.5,454.3
86,307.4,483.7
87,293.4,470.1
88,274.8,506.5
89,286.7,505.0
90,274.8,514.7
91,282.7,539.0
92,251.5,537.5
93,251.4,558.2
94,244.5,560.1
95,223.3,625.6
96,241.9,605.3
97,235.1,604.5
98,225.3,632.0
99,215.9,637.5
100,194.8,646.4
101,201.2,672.2
102,196.0,685.3
103,184.6,671.5
104,186.1,680.2
105,186.4,695.2
106,196.4,665.4
107,172.1,689.0
108,167.2,753.6
109,158.3,767.5
110,135.1,738.1
111,148.1,762.3
112,143.7,764.4
113,160.1,827.9
114,131.5,795.1
115,131.0,776.3
116,123.5,765.5
117,110.0,758.0
118,123.8,801.7
119,116.4,787.3
120,error,778.6
121,96.1,800.3
122,108.5,796.1
123,85.6,860.4
124,95.3,847.9
125,102.0,833.3
126,78.4,870.1
127,77.9,843.8
128,78.8,827.3
129,72.3,883.6
130,63.6,865.7
131,69.8,834.5
132,61.1,856.7
133,66.6,844.8
134,57.0,836.6
135,66.9,891.3
136,53.1,916.4
137,53.1,844.9
138,56.2,891.8
139,44.8,867.0
140,49.4,873.2
141,52.1,873.2
142,37.8,869.3
143,43.6,892.3
144,42.1,874.3
145,42.5,901.6
146,33.0,896.2
147,31.3,893.8
148,36.8,880.2
149,34.5,889.5
150,33.0,921.9
151,32.0,917.7
152,27.2,885.0
153,29.1,911.4
154,28.2,928.0
155,23.7,873.1
156,31.1,925.8
157,25.5,899.0
158,19.3,928.9
159,24.1,899.0
160,18.2,875.7
161,22.7,880.9
162,22.9,921.1
163,16.3,927.0
164,20.7,900.7
165,18.4,937.8
166,18.8,884.6
167,21.1,922.9
168,14.5,896.8
169,12.5,910.7
170,11.5,927.8
171,11.2,907.2
172,12.6,919.0
173,13.2,952.5
174,12.5,915.7
175,13.4,949.7
176,10.9,903.8
177,14.1,943.6
178,9.3,965.6
179,16.3,873.6
180,10.7,913.7
181,6.7,946.7
182,5.8,928.6
183,9.2,942.7
184,7.2,920.0
185,9.1,936.7
186,8.2,931.3
187,6.6,963.1
188,4.6,941.8
189,2.8,944.1
190,5.0,926.6
191,7.7,925.1
192,6.0,926.7
193,2.5,946.6
194,5.5,927.5
195,5.7,944.6
196,2.7,987.3
197,4.8,958.9
198,4.4,930.7
199,1.6,967.2
200,4.7,929.2
201,5.0,890.6
202,6.0,915.3
203,5.8,894.9
204,0.3,931.2
205,1.2,940.2
206,4.2,979.8
207,4.0,947.9
208,3.9,935.0
209,10.9,960.1
210,3.8,887.9
211,4.9,946.2
212,4.4,959.1
213,3.6,905.7
214,1.5,968.2
215,3.7,949.2
216,0.4,931.3
217,1.4,956.4
218,0.8,995.5
219,1.9,945.8
220,6.5,947.5
221,0.0,930.7
222,3.0,921.5
223,0.0,961.6
224,0.4,921.5
225,3.6,943.7
226,1.4,930.6
227,0.0,953.5
228,0.0,950.1
229,2.6,967.0
230,0.0,930.1
231,1.5,935.9
232,1.1,919.0
233,0.0,931.8
234,5.3,951.5
235,2.2,960.6
236,0.0,920.6
237,1.2,963.4
238,0.0,975.0
239,2.5,952.6
240,0.0,987.5
241,0.5,924.3
242,1.7,913.1
243,2.4,900.4
244,0.0,978.6
245,0.0,958.5
246,0.0,941.6
247,0.0,949.6
248,4.1,916.1
249,1.3,1001.4
250,0.0,
251,2.3,945.7
252,4.7,960.4
253,2.5,954.6
254,0.0,948.5
255,0.0,924.3
256,2.9,954.4
257,0.0,988.1
258,1.2,975.3
259,1.9,981.2
260,0.0,931.0
261,0.2,919.6
262,0.0,940.3
263,0.0,944.6
264,0.0,969.4
265,0.0,902.9
266,3.5,979.8
267,0.0,939.6
268,0.0,933.2
269,0.5,919.2
270,3.1,903.9
271,0.0,963.0
272,2.5,945.1
273,0.2,912.6
274,0.0,912.5
275,1.1,935.4
276,0.6,983.3
277,0.0,937.2
278,0.3,907.6
279,0.0,937.6
280,0.4,936.9
281,1.5,879.1
282,3.3,942.2
283,0.0,938.0
284,4.4,960.1
285,0.0,987.6
286,0.0,970.4
287,1.3,937.1
288,0.7,917.1
289,0.0,1004.9
290,0.0,944.9
291,0.0,943.8
292,0.0,942.9
293,1.8,948.2
294,0.8,940.1
295,0.0,929.8
296,1.9,930.5
297,0.7,942.7
298,1.7,930.6
299,1.3,926.5
300,0.0,946.1
301,0.0,937.5
302,1.5,979.4
303,1.3,880.3
304,0.0,969.6
305,0.3,973.3
306,2.6,894.1
307,0.0,935.4
308,1.1,934.7
309,0.0,910.0
310,0.0,925.0
311,2.2,917.1
312,1.7,985.4
313,1.7,965.9
314,2.6,973.9
315,0.1,960.8
316,1.4,916.6
317,0.0,931.1
318,0.7,955.3
319,0.0,914.4
320,0.2,960.6
321,1.2,937.8
322,0.0,934.6
323,4.2,960.6
324,0.0,954.2
325,0.0,935.0
326,2.3,971.3
327,1.6,917.8
328,1.3,958.3
329,1.3,957.7
330,0.0,936.2
331,0.0,951.4
332,0.2,913.7
333,0.0,965.6
334,2.0,939.2
335,0.0,931.1
336,0.0,968.6
337,0.0,926.8
338,0.8,910.0
339,0.0,906.4
340,-,958.1
341,0.5,913.0
342,0.5,985.5
343,0.0,893.9
344,0.0,984.1
345,0.5,948.6
346,0.0,941.3
347,0.0,930.6
348,0.0,953.1
349,0.0,942.7
350,0.6,969.9
351,3.0,946.3
352,1.7,947.2
353,0.0,934.9
354,0.0,942.2
355,0.0,950.9
356,0.0,902.8
357,0.0,911.4
358,0.7,961.3
359,0.0,947.7
360,1.0,939.2
361,3.1,944.0
362,0.0,951.9
363,0.8,930.7
364,1.4,925.0
